<?xml version="1.0" encoding="UTF-8"?>
<project-private xmlns="http://www.netbeans.org/ns/project-private/1">
    <editor-bookmarks xmlns="http://www.netbeans.org/ns/editor-bookmarks/2" lastBookmarkId="0"/>
    <open-files xmlns="http://www.netbeans.org/ns/projectui-open-files/2">
        <group>
            <file>file:/home/jcarlos/NetBeansProjects/TFGRest/web/META-INF/context.xml</file>
            <file>file:/home/jcarlos/NetBeansProjects/TFGRest/nbproject/build-impl.xml</file>
            <file>file:/home/jcarlos/NetBeansProjects/TFGRest/src/conf/MANIFEST.MF</file>
            <file>file:/home/jcarlos/NetBeansProjects/TFGRest/src/java/com/test/LeccionesResource.java</file>
            <file>file:/home/jcarlos/NetBeansProjects/TFGRest/src/java/com/test/EjerciciosResource.java</file>
            <file>file:/home/jcarlos/NetBeansProjects/TFGRest/src/java/com/test/EnunciadosResource.java</file>
            <file>file:/home/jcarlos/NetBeansProjects/TFGRest/src/java/com/test/TemasResource.java</file>
            <file>file:/home/jcarlos/NetBeansProjects/TFGRest/src/java/com/test/HolaMundoResource.java</file>
            <file>file:/home/jcarlos/NetBeansProjects/TFGRest/src/java/com/test/EnviosResource.java</file>
            <file>file:/home/jcarlos/NetBeansProjects/TFGRest/src/java/com/test/ApplicationConfig.java</file>
            <file>file:/home/jcarlos/NetBeansProjects/TFGRest/src/java/com/test/CandidatosResource.java</file>
            <file>file:/home/jcarlos/NetBeansProjects/TFGRest/.git/config</file>
            <file>file:/home/jcarlos/NetBeansProjects/TFGRest/src/java/com/test/LenguajesResource.java</file>
            <file>file:/home/jcarlos/NetBeansProjects/TFGRest/src/java/com/test/UsuariosResource.java</file>
        </group>
    </open-files>
</project-private>
